ID	chrom	loc.start	loc.end	num.mark	seg.mean	copy.num	build
BS_8XDZQKSD	chr2	15429750	15764577	226	6.50022	182	GRCh37/hg19
BS_8XDZQKSD	chr2	15764578	16372281	411	7.50693	364	GRCh37/hg19
BS_ZED6T1CT	chr2	12307874	15762795	2519	0.000329488	2	GRCh37/hg19
BS_ZED6T1CT	chr2	15762796	15993123	168	3.64979	26	GRCh37/hg19
BS_ZED6T1CT	chr2	15993124	16179579	133	0.00689847	2	GRCh37/hg19
BS_ZED6T1CT	chr2	16179580	16238532	43	3.72518	27	GRCh37/hg19
BS_ZED6T1CT	chr2	16238533	16335873	71	0.0134501	2	GRCh37/hg19
BS_ZED6T1CT	chr2	16335874	16403052	49	3.40774	22	GRCh37/hg19
BS_WMM0MP1J	chr2	14150177	15769883	1067	0.508955	3	GRCh37/hg19
BS_WMM0MP1J	chr2	15769884	16668539	589	7.68814	413	GRCh37/hg19
BS_FJP95JXF	chr2	13459189	15410401	1416	0.463861	3	GRCh37/hg19
BS_FJP95JXF	chr2	15410402	15769799	261	0.523854	3	GRCh37/hg19
BS_FJP95JXF	chr2	15769800	15915762	106	4.0317	33	GRCh37/hg19
BS_FJP95JXF	chr2	15915763	15933663	13	5.33783	81	GRCh37/hg19
BS_FJP95JXF	chr2	15933664	15965334	23	5.5413	94	GRCh37/hg19
BS_FJP95JXF	chr2	15965335	16014906	36	5.33086	81	GRCh37/hg19
BS_FJP95JXF	chr2	16014907	16160868	102	4.66324	51	GRCh37/hg19
BS_FJP95JXF	chr2	16160869	16268274	78	4.42362	43	GRCh37/hg19
BS_FJP95JXF	chr2	16268275	16313715	33	1.72394	7	GRCh37/hg19
BS_6K2SSJ77	chr2	14216848	14908735	598	0.46961	3	GRCh37/hg19
BS_6K2SSJ77	chr2	14908736	16218463	1129	5.89247	119	GRCh37/hg19
BS_ACCE0MEA	chr2	13025999	13071409	38	0.946506	4	GRCh37/hg19
BS_ACCE0MEA	chr2	13071410	13284120	178	0.53714	3	GRCh37/hg19
BS_ACCE0MEA	chr2	13284121	13480100	164	0.671294	3	GRCh37/hg19
BS_ACCE0MEA	chr2	13480101	14038168	467	0.565938	3	GRCh37/hg19
BS_ACCE0MEA	chr2	14038169	14605796	475	0.969639	4	GRCh37/hg19
BS_ACCE0MEA	chr2	14605797	14771901	139	0.501261	3	GRCh37/hg19
BS_ACCE0MEA	chr2	14771902	14800581	24	0.923601	4	GRCh37/hg19
BS_ACCE0MEA	chr2	14800582	14818506	15	0.697022	3	GRCh37/hg19
BS_ACCE0MEA	chr2	14818507	15220028	336	0.518285	3	GRCh37/hg19
BS_ACCE0MEA	chr2	15220029	15657400	366	0.976794	4	GRCh37/hg19
BS_ACCE0MEA	chr2	15657401	15840236	153	0.513927	3	GRCh37/hg19
BS_ACCE0MEA	chr2	15840237	16244148	334	5.46391	89	GRCh37/hg19
BS_ACCE0MEA	chr2	16244149	16332578	74	4.89868	60	GRCh37/hg19
BS_ACCE0MEA	chr2	16332579	16348113	13	5.05686	67	GRCh37/hg19
BS_ACCE0MEA	chr2	16348114	16377989	25	4.88468	60	GRCh37/hg19
BS_ACCE0MEA	chr2	16377990	16388744	9	3.93765	31	GRCh37/hg19
BS_ACCE0MEA	chr2	16388745	16412644	20	0.533735	3	GRCh37/hg19
BS_ACCE0MEA	chr2	16412645	16609820	165	0.983113	4	GRCh37/hg19
BS_E4V8XN3G	chr2	13008563	14259216	970	0.34543	3	GRCh37/hg19
BS_E4V8XN3G	chr2	14259217	15490550	956	0.304105	3	GRCh37/hg19
BS_E4V8XN3G	chr2	15490551	15928473	340	0.332917	3	GRCh37/hg19
BS_E4V8XN3G	chr2	15928474	16372835	340	6.66994	204	GRCh37/hg19
BS_QDRHQSPZ	chr2	15296147	16143536	1072	7.32801	322	GRCh37/hg19
BS_QDRHQSPZ	chr2	16143537	16148270	4	1.27768	5	GRCh37/hg19
BS_QDRHQSPZ	chr2	16148271	16594057	565	7.35156	327	GRCh37/hg19
BS_QDRHQSPZ	chr2	16594058	16597213	4	5.19035	74	GRCh37/hg19
BS_QDRHQSPZ	chr2	16597214	16676113	100	7.3026	316	GRCh37/hg19
TARGET-30-PASXRG-01A-01D	chr2	15561866	15946114	31	2.74444	14	GRCh37/hg19
TARGET-30-PASKFV-01A-01D	chr2	12718263	16552407	113	0.303411	3	GRCh37/hg19
TARGET-30-PAMDAL-01A-01W	chr2	15374604	15946114	57	4.6343	50	GRCh37/hg19
