Sample	Chromosome	Start.Position	End.Position	Num.markers	Seg.CN
PALAKC	2	0	90240473	10377	0.106632255017757
PAKYSH	2	0	90240473	10379	0.0967038422822952
PALIIN	2	0	52794042	6705	0.0026935047935694
PALKXL	2	0	66690175	8108	0.101529195904732
PALYEC	2	15327454	17007170	202	1.45910555124283
PALWXP	2	0	90240473	10379	0.0656243041157722
PALPGL	2	0	90240473	10379	-0.0328515730798244
PALYLZ	2	0	90240473	10379	-0.0439356528222561
PALRGM	2	0	90240473	10379	0.0222204774618149
PALKDE	2	6940097	24143875	2073	-0.0360201075673103
PALUDH	2	0	90240473	10379	0.036998201161623
PALTPM	2	0	90240473	10379	-0.0213934239000082
PALPKZ	2	0	90240473	10379	0.0571015328168869
PALNGL	2	0	64342547	7794	0.136027939617634
PALKKL	2	0	90240473	10379	0.0702047348022461
PALPSY	2	0	90240473	10379	0.181520253419876
PALBCY	2	0	90240473	10379	0.0771129205822945
PALADE	2	0	90240473	10378	0.158966243267059
PAKYMG	2	0	90240473	10379	0.0022319504059851
PAKZRE	2	0	43851885	5339	0.465731918811798
PALWVJ	2	0	90240473	10379	0.0694182738661766
PALKUC	2	14818610	16360123	174	1.35062038898468
PALBFV	2	16008526	16965048	119	1.42301940917969
PAKHHZ	2	0	77095457	9304	0.274526849389076
PALGFF	2	0	90240473	10379	0.129002779722214
PALFPS	2	15788477	16461881	105	1.51365554332733
PALFXR	2	15979755	16114749	16	0.796523243188858
PAKWCJ	2	0	90240473	10379	0.0366479121148586
PALFKG	2	0	90240473	10379	0.229401305317879
PALFSZ	2	0	38315750	4755	0.164000704884529
PALIFG	2	0	90240473	10379	-0.0249213539063931
PAKNXW	2	15944823	16393200	53	1.33919596672058
PAKRFK	2	15958108	16441339	54	1.74588096141815
PAKIVG	2	0	90240473	10379	-0.0151556879281998
PALEZI	2	15281248	16431572	136	1.37734478712082
PALHVD	2	5641001	29067084	2656	0.434015542268753
PAIXST	2	0	44208669	5404	0.271491780877113
PAIXNC	2	0	57859115	7258	0.309967011213303
PALBFW	2	0	90240473	10379	0.0751203820109367
PALWNI	2	0	90240473	10379	0.0724897235631943
PAKSSK	2	0	90240473	10379	0.0346435233950615
PAKWUV	2	0	42572230	5205	0.381276249885559
PAMEVI	2	0	90240473	10379	-0.0067109251394867
PAMFBR	2	15529923	18286066	306	1.6738994717598
PAMAJT	2	0	90240473	10379	0.130491852760315
PAMBPH	2	0	90240473	10379	-0.0002803294919431
PAMEZH	2	16022154	16617512	70	1.24193602800369
PAMEEH	2	0	90240473	10379	0.0764372199773788
PALVFV	2	0	34044835	4152	0.142269641160965
PAMFHC	2	4382577	90240473	9761	-0.0702172145247459
PALZZV	2	15776922	17059889	185	1.54392075538635
PAIWWN	2	0	90240473	10379	0.0565787926316261
PAMIZA	2	0	27868685	3305	0.479750424623489
PAMAFV	2	0	90240473	10379	0.0947929695248604
PAIWUF	2	0	90240473	10379	0.239896968007088
PAMHMK	2	0	90240473	10379	-0.0245401337742805
PALVKK	2	0	90240473	10379	-0.012167239561677
PALZSL	2	15251433	16380457	134	1.5916428565979
PAMAKZ	2	0	90240473	10379	-0.0053039588965475
PALZBH	2	0	90240473	10379	0.0294377319514751
PAMIYK	2	0	90240473	10379	0.260435670614243
PALZRG	2	15298583	16118533	101	1.38884282112122
PAIXHH	2	0	90240473	10379	0.204041376709938
PAIXJX	2	0	90240473	10379	0.199442908167839
PANAKY	2	15898510	17072259	158	1.21874850988388
PAMZZZ	2	15720892	16648571	132	1.28923124074936
PANFVP	2	16032027	16114749	11	1.36813020706177
PAMZMG	2	16008526	17007170	124	1.20005744695663
PANANV	2	15802053	18847157	384	0.911034941673279
PAMZYP	2	15944823	16223819	44	1.02533918619156
PANCBZ	2	0	90240473	10377	0.131435170769691
PAMYXR	2	15948269	16585888	78	1.26473355293274
PANGXK	2	0	51973449	6601	0.0163391884416342
PAMVLG	2	9272192	57394754	5952	0.25303515791893
PAMTUV	2	0	40527396	5012	0.052353473380208
PALTYS	2	15510932	16438631	109	1.65747344493866
PAMRTG	2	0	42338162	5184	0.0567611865699291
PAMYGL	2	15507344	16676657	141	1.41252982616425
PAMSXU	2	0	90240473	10379	0.0703534334897995
PALWEV	2	0	90240473	10377	0.352588653564453
PANLET	2	0	90240473	10379	0.0188502259552479
PAKUJM	2	0	90240473	10379	0.008133040741086
PAMVRA	2	0	90240473	10379	-0.0015254610916599
PANBJH	2	0	16465707	2196	0.008795513305813
PAMNLH	2	0	90240473	10379	0.0986422449350357
PAMMPC	2	0	90240473	10379	0.0085433907806873
PALVRB	2	0	36257953	4423	0.257877975702286
PAMSYI	2	13968399	16701516	302	1.0872483253479
PAIXVH	2	0	29520976	3508	0.223223783075809
PALURF	2	0	69730901	8526	0.244756683707237
PAIXNV	2	0	90240473	10379	-0.0046623428352177
PAKGEJ	2	0	90240473	10379	-0.0041653071530163
PAKPAL	2	0	90240473	10378	-0.02823347132653
PAKPHB	2	13793368	18450862	500	1.77762997150421
PAKGMY	2	15063322	17107243	252	1.5681391954422
PAKFUY	2	0	40501172	5011	0.288994044065475
PAKHCF	2	0	90240473	10379	0.0997166484594345
PAKYAZ	2	0	90240473	10379	-0.164452016353607
PAKVFT	2	15529923	16496173	117	1.57484936714172
PAMWXR	2	0	90240473	10379	0.0071123261004686
PALLDU	2	0	90240473	10379	-0.0041695022955536
PALCBW	2	0	90240473	10379	0.0104632265865803
PALJPX	2	12857012	16976932	450	1.47854954004288
PALFYS	2	15059074	17311209	273	1.79459631443024
PALEEK	2	16056316	16536394	51	1.64740252494812
PALXHW	2	0	36524576	4463	0.244921654462814
PALATJ	2	14398695	18989392	520	0.20541749894619
PAMIIU	2	0	90240473	10379	0.0035819839686155
PALSAE	2	10689025	90240473	8891	0.106496550142765
PALWKV	2	0	90240473	10379	-0.0834273174405098
PALAPJ	2	0	90240473	10379	0.0871836692094803
PAMXWF	2	0	90240473	10379	0.0622856579720974
PALJDX	2	15802053	16362456	86	1.52864193916321
PALWVX	2	15639395	16706143	141	1.16249811649323
PALFPI	2	0	90240473	10379	0.139411270618439
PANBSP	2	0	47472885	6004	0.281699925661087
PANAYF	2	15776922	16648571	131	1.56466102600098
PAMTPS	2	0	90240473	10379	-0.0203909166157246
PANBCI	2	15989886	17374866	154	1.23014968633652
PALXMM	2	0	90240473	10379	-0.126576110720634
PALXTB	2	0	90240473	10379	0.0628365054726601
PANBLP	2	0	55065221	6973	0.265965789556503
PALFDZ	2	0	46515416	5828	0.34590557217598
PALHTR	2	15099188	16435992	163	1.41598773002625
PALCUZ	2	12809427	17897481	524	0.663818717002869
PALRFJ	2	0	90240473	10379	0.195758730173111
PAMMXF	2	15539265	16737863	144	1.53540706634521
PAMACS	2	0	90240473	10379	0.0146426521241665
PAMBAC	2	16008526	16962518	119	1.56053495407104
PALGXF	2	0	90240473	10379	-0.0152872176840901
PANCYF	2	15283658	17072259	219	1.76800644397736
PANATD	2	15283658	17072259	219	1.55759882926941
PANHVF	2	0	46962948	5900	0.29861755669117
PALIDE	2	0	90240473	10377	0.0192333906888962
PALAKE	2	14879544	16879016	243	1.84218275547028
PAMKZW	2	14941161	18600577	422	2.26313138008118
PAMMWD	2	15931169	16564745	83	1.54722034931183
PAMHPN	2	0	90240473	10379	-0.0011431410675868
PAMMTK	2	15268380	16389351	134	1.49836337566376
PALUKI	2	0	43877145	5345	0.251439779996872
PALTYB	2	0	90240473	10379	-0.000784061208833
PAKMRM	2	15756787	16423747	99	1.67847979068756
PAKXDF	2	0	90240473	10379	0.276840686798096
PAKJBA	2	14980958	16976932	255	1.14109551906586
PAIXNG	2	0	90240473	10379	0.0170190241187811
PAMMMS	2	15853723	16822240	136	1.49816673994064
PAMBMJ	2	15234481	16547372	154	0.697915107011795
PAKLPR	2	0	90240473	10379	-0.0071016978472471
PAKUXT	2	0	18449058	2408	0.209953181445599
PAKGAB	2	0	90240473	10378	-0.0235354034230113
PAKZRF	2	0	56187586	7099	0.290652304887772
PAKJRE	2	0	90240473	10379	0.0726323351264
PAIXPU	2	0	90240473	10376	-0.0005561184661928
PAKSCM	2	0	90240473	10379	0.167107135057449
PAKGKH	2	0	65326391	7926	0.309018805623055
PAKMVJ	2	0	81625996	9885	-0.0044072275049984
PAMLMY	2	0	47609499	6030	0.434577941894531
PAKFVB	2	0	90240473	10379	-0.0155644733458757
PAKYAY	2	15692089	16380457	96	1.57186412811279
PANIPC	2	13930960	16389351	266	1.45234078168869
PANKFE	2	0	90240473	10378	0.0084398142062127
PANUKV	2	16032027	16461881	49	1.91260921955109
PANWBG	2	15529923	16722409	144	1.38580727577209
PANSBN	2	0	90240473	10379	0.0068545183166861
PANUVK	2	0	46464386	5811	0.249273970723152
PANVDL	2	15869986	16706143	117	1.74863910675049
PANRRN	2	0	90240473	10379	0.130380168557167
PANYHH	2	0	90240473	10379	0.234058827161789
PAIWVG	2	0	90240473	10379	0.0049631283618509
PANRUV	2	0	90240473	10379	-0.0060389433056116
PANYGR	2	0	90240473	10379	0.0317934080958366
PAICAI	2	0	90240473	10378	0.0547922607511282
PAMPFJ	2	15720892	16203861	86	1.11377048492432
PAKIRR	2	15975084	16834132	106	1.8730736374855
PAICAK	2	0	25027374	3099	0.171747967600822
PALYVF	2	14283158	16536394	248	1.47183078527451
PALLDC	2	0	29489165	3503	0.0324055440723896
PALNVP	2	0	90240473	10379	0.0147440619766712
PAKRPD	2	14760774	16433491	189	1.57687830924988
PALJUV	2	0	80943891	9848	0.0004461445932975
PALVSG	2	13793368	18027047	438	1.67511117458344
PAMANU	2	0	90240473	10378	0.0167711256071925
PANWAT	2	0	90240473	10379	0.0838260278105736
PAMRHB	2	15909855	16891793	134	1.89198344945908
PAMWSV	2	0	90240473	10379	0.0092427320778369
PANWRR	2	0	90240473	10379	0.0114186303690076
PAMTBI	2	0	90240473	10379	0.0576749071478844
PAMVAG	2	0	90240473	10379	0.221941098570824
PAMRAA	2	13793368	17166241	369	1.24205589294434
PANYLS	2	15946365	16441339	59	1.54779446125031
PAKIPY	2	2771682	17226642	1912	0.123644709587097
PAKJKW	2	0	90240473	10378	0.0245515499264002
PALBDS	2	0	80492001	9787	0.221213981509209
PALJZV	2	15445127	16801951	163	1.44973695278168
PALLWA	2	15767154	16917550	168	1.65663051605225
PAMNYX	2	0	90240473	10379	0.00450179586187
PAMUTD	2	13703835	16941729	358	1.56784862279892
PAMZCE	2	15812576	16810518	142	1.59898620843887
PAMYCK	2	15489230	16496173	120	1.64283978939056
PAMNAL	2	0	90240473	10379	0.172737285494804
PAMMYR	2	0	61634293	7619	0.117613039910793
PALSMX	2	0	59573419	7413	0.0022737530525773
PAMNCL	2	0	90240473	10379	0.0392772071063519
PAIWMI	2	15788477	16828446	153	2.10477709770203
PALFPG	2	0	90240473	10378	0.110392581671476
PALFVJ	2	0	33327439	4014	0.0164614226669073
PAKSFV	2	0	90240473	10377	0.189552739262581
PAIWLL	2	15507344	16828446	163	4.19447803497314
PANRPS	2	0	90240473	10379	0.220073506236076
PALKER	2	0	69261633	8478	0.252094238996506
PAMKGY	2	0	90240473	10379	0.0944065377116203
PAMUFZ	2	16056316	18900470	330	0.998473823070526
PANRVJ	2	0	56569127	7169	0.10434664785862
PANPVI	2	0	90240473	10379	-0.0097429314628243
PALPYT	2	6936205	90240473	9401	0.194842427968979
PALPIA	2	16070524	16472456	47	1.8445326089859
PANZHT	2	0	90240473	10379	0.0217747092247009
PANKVF	2	15996046	16097141	10	1.09041938185692
PANNMS	2	0	90240473	10379	0.0204292125999928
PANUIF	2	0	63062628	7731	0.140926316380501
PAMJMA	2	0	41923532	5127	0.177855402231216
PANXJL	2	0	90240473	10378	-0.0258565256372094
PAMZGT	2	14736408	20376004	680	1.3455610871315
PAMZUE	2	0	90240473	10379	-0.0079960860311985
PAMZGK	2	15825547	16804319	139	1.26084172725677
PAIWEH	2	0	59785394	7431	0.539875328540802
PAMZCY	2	0	90240473	10378	-0.0118623427115381
PANEYN	2	0	90240473	10377	0.0539024472236633
PAKNAJ	2	0	90240473	10379	-0.0816998109221458
PAKHHB	2	15529923	16456125	113	1.51473033428192
PALAWZ	2	0	90240473	10379	0.19685173034668
PAKPJE	2	0	29454268	3495	0.0321752056479454
PAIXRK	2	15626944	17706239	241	1.30691730976105
PAIWUJ	2	0	90240473	10379	0.212121933698654
PANDHZ	2	0	90240473	10379	0.0135159948840737
PAKTXL	2	15529923	16542344	119	1.27566170692444
PALXSU	2	0	90240473	10379	0.017811318859458
PALECA	2	0	90240473	10379	0.0901406854391098
PAIWHU	2	0	90240473	10379	0.145733848214149
PALCVK	2	0	90240473	10379	-0.00996452011168
PAITFA	2	0	22427841	2884	0.0174241084605455
PALBCM	2	0	90240473	10379	0.281273305416107
PALLTP	2	0	90240473	10379	0.0027533452957868
PALHCB	2	0	90240473	10379	0.0279339756816626
PAIWBZ	2	0	90240473	10379	0.241335481405258
PAIRHS	2	0	80799349	9837	0.0240736715495586
PALBAH	2	0	90240473	10379	-0.002009319839999
PALKST	2	0	90240473	10379	0.0085140587761998
PALBEB	2	0	90240473	10379	0.148410633206367
PALBCY	2	0	90240473	10378	0.0819568522274494
PAKYMW	2	0	90240473	10379	0.0463882200419903
PALJFH	2	0	90240473	10379	0.0814371183514595
PAKYMG	2	0	90240473	10379	-0.0030329399742186
PAKYJX	2	4297333	51762936	5970	0.0124562894925475
PAKYMN	2	0	90240473	10379	0.0908579081296921
PAMXCN	2	0	90240473	10379	0.159957736730576
PAKULA	2	0	90240473	10379	0.0261686686426401
PAKNID	2	0	90240473	10379	0.0613327994942665
PAKIMK	2	14653241	16293836	194	1.55610346794128
PANDUZ	2	0	90240473	10378	0.325866684317589
PAMXJT	2	0	90240473	10379	0.0201108697801828
PANRLC	2	0	90240473	10379	0.204727530479431
PAMZRP	2	0	90240473	10378	0.0095841223374009
PANFLF	2	0	90240473	10379	0.0173278916627169
PAMFLZ	2	0	90240473	10379	0.119256690144539
PAKCKA	2	0	90240473	10379	0.0610927902162075
PAKGCI	2	0	90240473	10378	0.0034744930453598
PAMVCL	2	0	90240473	10379	-0.0390008017420769
PANGHY	2	0	90240473	10379	-0.0018060565926134
PALRCT	2	0	90240473	10379	-0.0134993931278586
PANENB	2	0	90240473	10379	0.218548133969307
PAMZLY	2	0	90240473	10379	0.0149120409041643
PANSIC	2	0	90240473	10379	0.0119524784386158
PAKPUT	2	0	90240473	10379	-0.0030416990630328
PANCCG	2	0	90240473	10379	0.210486337542534
PANJVU	2	0	90240473	10379	0.160363659262657
PANBMJ	2	0	86031068	10225	0.0034675390925258
PAKJFU	2	0	90240473	10379	0.0559844300150871
PALRDI	2	0	90240473	10379	-0.0378028228878975
PALIKS	2	0	20086314	2631	0.0091732209548354
PAKGGW	2	0	90240473	10379	0.109348893165588
PANHZS	2	0	90240473	10379	0.07119020819664
PANAET	2	0	90240473	10379	0.0876952186226845
PAMXFC	2	0	90240473	10379	0.133911311626434
PAKRZV	2	0	90240473	10379	0.0034449966624379
PALPNM	2	0	90240473	10378	0.0398182589560747
PAMHJI	2	0	90240473	10378	0.133383698761463
PALLZV	2	0	90240473	10379	0.0594027116894722
PAMZMV	2	0	90240473	10379	0.167312681674957
PAMUBS	2	0	90240473	10376	0.007337732007727
PALKXX	2	0	90240473	10379	0.303177088499069
PAMEZB	2	0	90240473	10379	0.174542263150215
PALNTJ	2	0	40805355	5043	0.133999526500702
PAMJXC	2	0	90240473	10379	0.0571439601480961
PAMNXD	2	0	90240473	10379	0.111204341053963
PAMRKI	2	0	90240473	10379	0.002051493152976
PAMPWJ	2	0	90240473	10379	0.0177768357098103
PAMIEV	2	0	90240473	10379	0.221736937761307
PALFRS	2	0	80105567	9703	-0.0053975419141352
PAMKBM	2	0	90240473	10379	0.14689202606678
PAKLTE	2	0	44307198	5414	0.200700268149376
PAMRIZ	2	0	90240473	10379	0.423090010881424
PALPGL	2	0	90240473	10375	-0.0351354405283928
PAMKHK	2	0	90240473	10379	0.0182294156402349
PAMJKM	2	0	90240473	10379	-0.0284872632473707
PAKUAW	2	0	90240473	10377	0.0098343025892972
PAMSUE	2	0	90240473	10379	-0.0848007202148438
PALXTE	2	0	90240473	10379	0.140977099537849
PAMAZI	2	0	90240473	10379	0.0604019984602928
PAMICY	2	0	90240473	10379	0.0560608953237534
PAIWMX	2	0	90240473	10379	0.0213109403848648
PAKPXX	2	15845506	16496173	95	1.11881506443024
PAMAMR	2	0	90240473	10379	0.14487712085247
PALZYF	2	0	90240473	10379	0.190290182828903
PAKXNY	2	0	90240473	10379	0.0803320109844208
PAKJZD	2	0	90240473	10378	0.157890938222408
PALWUM	2	0	90240473	10379	0.0381062179803848
PAIWTE	2	0	90240473	10379	0.124686598777771
PAKRBA	2	0	90240473	10379	0.063292920589447
PAKJYZ	2	0	90240473	10379	0.196987643837929
PAKEIY	2	0	39083192	4852	0.0059986766427755
PALXAF	2	0	90240473	10379	0.0298689622431993
PAMGGA	2	0	90240473	10379	0.222694411873817
PALAKC	2	0	90240473	10379	0.11486841738224
PAMDXC	2	0	90240473	10379	0.169101431965828
PAIWNT	2	0	90240473	10378	0.290391221642494
PAIWBX	2	0	90240473	10379	0.199208840727806
PANZHU	2	15169786	16496173	160	1.47577404975891
PAKNZZ	2	0	90240473	10379	0.160248652100563
PAKMVG	2	0	90240473	10378	0.0048270314000546
PAKPNF	2	0	90240473	10379	0.201032817363739
PAMIUG	2	0	58236231	7287	0.115216411650181
PAIXFT	2	0	90240473	10379	0.192147761583328
PAKEKY	2	0	90240473	10379	0.0040389122441411
PAKTEA	2	0	90240473	10378	0.114720903337002
PAKZHI	2	0	90240473	10379	0.0063932351768016
PAKJZE	2	0	90240473	10379	-0.0512164197862148
PALHKS	2	0	90240473	10379	-0.0401923321187496
PALYEU	2	0	90240473	10379	0.148511633276939
PALFTD	2	0	90240473	10379	0.0002449466264806
PAKPBK	2	0	90240473	10379	0.226061314344406
PALZNR	2	0	90240473	10379	0.278760939836502
PAMBPH	2	0	81621305	9884	0.0048460345715284
PALBWZ	2	0	90240473	10379	-0.0383974350988865
PAMJBA	2	0	90240473	10379	0.0265529230237007
PAKULE	2	0	90240473	10378	0.0059422603808343
PAMBNU	2	0	90240473	10379	0.0222995299845934
PALTXM	2	0	90240473	10375	0.161798655986786
PAIWUF	2	0	90240473	10379	0.235953450202942
PAIXAY	2	0	90240473	10379	0.0626801773905754
PAIULB	2	15836824	17476971	217	0.580495059490204
PANTBZ	2	0	23197670	3026	0.019705711863935
PAMWHM	2	0	90240473	10618	0.10595491528511
PALXNI	2	0	90240473	10618	0.0129951960407197
PAMREY	2	0	90240473	10618	0.11056861653924
PALNRP	2	0	90240473	10618	0.0077136403415352
PAPHUV	2	0	51959312	6756	-0.121360436081886
PAMXSL	2	0	90240473	10618	-0.0493625923991203
PAKUUM	2	0	90240473	10618	-0.0247825076803565
PAKFNB	2	0	90240473	10618	-0.006433482049033
PAPGHZ	2	0	90240473	10618	-0.004735971102491
PAIVHX	2	0	90240473	10618	0.0185732981190085
PAIWKK	2	0	32103222	4013	0.632278025150299
PAIWJF	2	0	90240473	10618	-0.0619175583124161
PANPZD	2	0	82215776	10139	0.136277452111244
PANLKJ	2	0	90240473	10618	0.0327211581170559
PAKMBX	2	0	90240473	10615	-0.0048962696455419
PANCCZ	2	0	90240473	10618	0.0235890774056315
PALEAC	2	0	90240473	10618	0.216560818254948
PALNIE	2	0	52944235	6889	0.0136921592056751
PAMYBA	2	0	90240473	10616	0.0005729130061808
PANTDT	2	0	90240473	10618	0.255645424127579
PANPHU	2	15327454	16555756	142	0.401614978909492
PALNAP	2	0	90240473	10618	0.312221422791481
PAIWTK	2	0	90240473	10618	-0.0562101602554321
PANSHY	2	0	90240473	10617	0.159689009189606
PAMKBI	2	0	90240473	10618	0.111224364489317
PAMBUX	2	0	90240473	10613	0.114086672663689
PANEVZ	2	0	90240473	10618	0.0226351637393236
PALKGL	2	15767154	16391884	101	1.20229339599609
PAMJLG	2	0	90240473	10618	0.028541611507535
PANBYD	2	0	90240473	10618	0.359634160995483
PAIVFJ	2	11163685	90240473	9011	-0.0109354108572006
PAMDHC	2	15720892	17606371	239	1.01805973052979
PAKJBX	2	0	50955293	6625	0.0105302855372429
PAKYZE	2	0	90240473	10618	-0.0082179512828588
PAMAPZ	2	8228147	90240473	9411	0.0202860776335001
PAKLAM	2	0	41875225	5251	0.245879158377647
PAPKXS	2	0	85458097	10354	0.30533704161644
PAPBJE	2	15713836	16438631	108	1.60656946897507
PANZRV	2	0	49150303	6359	0.15364196896553
PAPHWW	2	0	17117355	2338	0.0354413334280252
PAPICY	2	0	90240473	10618	0.120969101786613
PAPPKJ	2	0	50080030	6492	0.359552219510078
PAPPVR	2	0	90240473	10618	0.0063191461376845
PAIXIF	2	0	33993138	4240	0.321051135659218
PALAJR	2	0	90240473	10618	0.0095750419422984
PALKNC	2	0	90240473	10618	0.001802677870728
PANZPV	2	0	35577832	4432	0.0020545216975733
PAPEVV	2	15692089	17196340	200	1.74039626121521
PAPHPE	2	0	46972442	6045	0.196713238954544
PALWIP	2	0	90240473	10618	-0.0741788931190968
PAPBFP	2	15913443	29491724	1414	0.207332998514175
PAPAKS	2	15865018	16472456	93	1.18384158611298
PAPBZI	2	0	47706568	6182	0.302776694297791
PAPGJR	2	15589348	16293836	99	1.08870816230774
PAPBGH	2	0	90240473	10618	0.0370628498494625
PALJPF	2	14970365	16190279	167	1.25357735157013
PAIXFZ	2	0	90240473	10618	-0.0038173367502167
PAIXCU	2	16039185	17196340	135	1.25544011592865
PAIWUR	2	14834477	16360123	182	1.21752053499222
PAIXMM	2	0	43297701	5418	0.428505107760429
PAKLWT	2	15913443	17213154	167	1.3398015499115
PAKXDZ	2	0	90240473	10618	0.0313575603067875
PALXVY	2	0	50534516	6557	0.184941172599792
PALXRL	2	0	90240473	10618	0.153623022139072
PAKFRB	2	0	90240473	10618	0.123867802321911
PAKMDB	2	0	90240473	10618	0.0727127380669117
PALBSI	2	9880586	45206783	4286	0.287729695439339
PALZMR	2	0	90240473	10618	0.265328377485275
PANVFA	2	15376028	16207429	111	0.745957732200623
PANGNK	2	0	90240473	10618	0.167227447032928
PAMYCE	2	0	90240473	10618	0.0182954827323556
PAMXGF	2	15946365	16848440	119	1.13923704624176
PANYUG	2	0	90240473	10618	0.123790424317122
PANJLH	2	15913443	16730460	111	1.31729352474213
PAMBKU	2	0	90240473	10617	0.10877487808466
PAMNRY	2	0	90240473	10618	0.199792616069317
PALKXJ	2	0	90240473	10618	0.212869442999363
PAKNMK	2	15393358	17222266	218	0.499172136187553
PANLPX	2	0	90240473	10618	0.0667087212204933
PALZRB	2	15562062	16737863	149	1.1662323474884
PAKNBK	2	0	90240473	10618	0.116849005222321
PAKVTK	2	0	88400071	10551	0.226714566349983
PAKWGF	2	0	90240473	10618	0.0873024985194206
PAKZRH	2	0	90240473	10618	0.0025164798134937
PALAKM	2	0	24818437	3174	0.227989934384823
PAPEAV	2	0	47367399	6130	0.297219470143318
PAPKWN	2	12889810	16931773	452	1.19569724798203
PAPJLD	2	0	90240473	10618	0.0056868097744882
PALFRE	2	0	90240473	10617	0.0198643263429403
PAPCDN	2	0	90240473	10618	0.0359030608087778
PAMSSZ	2	0	90240473	10618	0.195829890668392
PALTEG	2	0	90240473	10618	0.0573351364582777
PAMTZV	2	16013493	16758767	86	1.5659658908844
PANVZF	2	0	90240473	10618	-0.013689071405679
PANHEU	2	0	90240473	10617	0.122121050953865
PANZVU	2	0	90240473	10618	-0.0637615099549294
PAPCTS	2	15227926	16396665	147	1.28344666957855
PAPCHV	2	15692089	16556634	123	0.467109471559525
PAPBJT	2	0	90240473	10618	0.0019918873440474
PANXFX	2	0	90240473	10618	0.162978455424309
PAMCYK	2	0	90240473	10618	0.0045095551759004
PALUYS	2	0	49083542	6341	0.233732387423515
PAMRWL	2	0	90240473	10618	0.162112362682819
PANDGA	2	15657662	16787904	155	1.48247635364532
PANYBL	2	0	90240473	10618	0.0332917962223291
PAKWWF	2	0	90240473	10618	0.0065631985198706
PAIDJS	2	0	90240473	10618	0.0601907819509506
PAKSWB	2	0	90240473	10618	0.108590047806501
PAKWMT	2	0	90240473	10618	0.084825050085783
PALWRG	2	0	90240473	10618	0.0872695073485374
PALWSJ	2	0	90240473	10617	0.249810293316841
PAKRKL	2	0	90240473	10617	0.075287938117981
PAKPLH	2	0	43015419	5367	0.343561053276062
PAIVMJ	2	0	39774269	5011	0.0954456403851509
PAIVRB	2	0	90240473	10618	0.0194753091782331
PALFIT	2	0	64179947	7971	0.236097916960716
PALFSE	2	0	90240473	10617	0.109628058969975
PALXUM	2	0	90240473	10617	0.186344623565674
PALEBK	2	1452484	90240473	10459	0.0062764552421867
PALNFE	2	0	90240473	10618	0.0729365944862366
PALPIN	2	0	90240473	10618	0.125929452478886
PALVVH	2	0	90240473	10618	0.0019414894049987
PAMHDM	2	0	90240473	10618	0.128143973648548
PALUST	2	0	90240473	10618	0.0470442529767752
PALVUC	2	0	90240473	10618	0.105039410293102
PALKKV	2	0	90240473	10618	0.0057699831668287
PALLJJ	2	0	90240473	10618	0.0971551947295666
PAIXLC	2	0	90240473	10612	0.141875766217709
PAKHAV	2	0	90240473	10612	0.147829741239548
PALJVX	2	0	29377402	3555	-0.0031135596800595
PACSAS	2	0	90240473	10617	0.194421455264091
PACRYY	2	0	90240473	10618	0.134404271841049
PACSNL	2	0	90240473	10617	0.048813097178936
PACUGP	2	0	90240473	10618	0.17186926305294
PACXHH	2	0	90240473	10618	0.219185881316662
PACYGY	2	0	55383925	7207	0.116130828857422
PACVNB	2	0	90240473	10618	0.0816511660814285
PACVXN	2	0	90240473	10617	0.170011699199677
PAKANZ	2	0	43556346	5444	0.218980990350246
PAKINP	2	0	90240473	10618	0.0481838472187519
PADSXE	2	8430694	50026922	5266	-0.0031569330021739
PADSXU	2	0	45753941	5784	0.277983605861664
PADPRJ	2	0	50966957	6626	0.196217365562916
PADRYN	2	15895325	17307262	186	1.09068542718887
PADKFU	2	0	45449237	5725	0.232453987002373
PADKGF	2	0	90240473	10618	0.014696444850415
PADTJY	2	0	74901915	9194	-0.0282000359147787
PADTJJ	2	15340957	17107243	214	1.3973126411438
PADUWR	2	0	49128568	6356	-0.0334291979670525
PADUYJ	2	15092652	16456125	174	1.17467457056046
PADTRV	2	0	90240473	10618	0.0894968919456005
PADTTB	2	0	90240473	10618	0.0019514680025167
PADVWW	2	0	90240473	10618	-0.013401463162154
PADWIM	2	0	21373511	2885	0.154118523001671
PAKIAP	2	0	90240473	10618	-0.0079726190306246
PAMLNB	2	0	90240473	10618	-0.0023801334900781
PADMTD	2	0	68532967	8590	0.496439650654793
PADMVB	2	0	90240473	10617	-0.0104100750759244
PADIHC	2	0	90240473	10618	0.0551575999706984
PADKFS	2	0	90240473	10618	0.0107575040310621
PADLTD	2	13791702	17078215	380	1.13541287183762
PADMGA	2	0	90240473	10618	0.0095735001377761
PADNFT	2	0	57225130	7391	0.005358753260225
PADNXC	2	16070524	16564745	57	1.41200256347656
PADKVV	2	0	23127458	3014	0.0507957376539707
PADKWZ	2	0	90240473	10618	0.0300941728055477
PADLJN	2	0	77782164	9606	0.0913293398916721
PADLIC	2	0	52725726	6862	0.014773631002754
PADRLI	2	0	90240473	10618	0.0881044641137123
PADRWY	2	0	51681626	6715	0.0127189503982663
PADBHZ	2	0	90240473	10617	0.153745785355568
PADBUM	2	0	90240473	10618	0.073218610137701
PADSEC	2	0	90240473	10617	-0.0257142353802919
PADSMF	2	0	90240473	10617	0.0120835434645414
PADLPZ	2	0	90240473	10618	0.129065588116646
PADLPR	2	0	23412973	3055	0.358441919088364
PADWVR	2	0	90240473	10618	0.0006090073438826
PADXAS	2	0	90240473	10618	-0.0099293701350688
PAAPFA	2	0	61488355	7810	0.242334306240082
PADKNE	2	15895325	16677813	112	0.838316798210144
PADKRU	2	0	90240473	10616	0.0034098676405847
PADNNX	2	0	55536858	7221	0.102001294493675
PADPHP	2	0	90240473	10618	0.0136146363802254
PACPJG	2	0	50631356	6565	0.172776207327843
PACRZM	2	0	90240473	10618	0.0624216999858618
PADPCI	2	0	90240473	10618	0.121845450252295
PADPEY	2	13477391	17432437	444	1.22161275148392
PADLBE	2	0	24473121	3151	0.236534982919693
PADLES	2	0	90240473	10618	0.0735097825527191
PADENF	2	0	57011427	7376	0.112509414553642
PADFLI	2	0	90240473	10615	0.0312806442379951
PADIBM	2	0	33564617	4146	0.193050570785999
PADIEY	2	0	90240473	10618	-0.106280233711004
PADKYP	2	15925073	16472456	79	1.00596010684967
PADKXS	2	14970365	16517315	197	1.02917897701263
PADLKJ	2	15740530	17428418	223	0.779384672641754
PADLNM	2	11231634	25789333	1611	-0.328724563121796
PACZPX	2	13194835	16564745	362	1.06109744310379
PADAEC	2	15692089	17125808	197	1.14549911022186
PALPGG	2	14046677	16503155	275	0.93328070640564
PANRRW	2	0	90305054	10616	0.0025437916629016
PANNIJ	2	15692089	17072259	194	1.08420145511627
PANXFT	2	0	35580844	4432	0.0128755765035748
PALNMX	2	0	27384927	3355	0.0364069566130638
PALGDH	2	0	90305054	10616	-0.010612343903631
PALHHT	2	16050317	16600828	67	0.858230412006378
PALGWY	2	15788477	16986394	183	0.96451461315155
PALSET	2	0	90305054	10612	-0.0121149402111769
PAMBDH	2	15873296	16665019	116	0.87549963593483
PAMJED	2	15842172	16564745	108	0.879056930541992
PAMEHH	2	0	29194901	3518	-0.003403975511901
PANLHI	2	15964755	16693497	89	0.840720236301422
PANLKY	2	15848926	16999709	168	0.853550434112549
PANLSG	2	15383907	16558362	140	0.780056059360504
PAMZYM	2	0	90305054	10615	0.0057128579355776
PAMYVA	2	0	82440201	10152	0.0013834749115631
PANREB	2	0	33590986	4146	0.163332901895046
PANEYM	2	0	90305054	10615	-0.0292170029133558
PANVAN	2	15251433	16179848	126	0.780279815196991
PAMMFT	2	16030069	16444489	48	0.668894648551941
PANHRZ	2	15713836	17025509	189	0.880523502826691
PAMKPM	2	15898510	16230171	64	0.721439898014069
PANHWX	2	0	90305054	10616	0.0019222839036956
PALBUY	2	15626944	17790905	256	0.886880099773407
PALNLU	2	0	90305054	10616	0.116782508790493
PALETP	2	0	43035708	5371	0.124385312199593
PAMCJD	2	0	85731874	10410	0.0009880150319077
PAKYZS	2	0	90305054	10615	0.0245473198592663
PANRHJ	2	0	90305054	10616	0.0669573619961739
PALEVG	2	15002129	16448157	185	0.893832623958588
PAPEFE	2	14961975	17761995	324	0.818571299314499
PANCFT	2	0	90305054	10616	0.0399547293782234
PAPJAC	2	15383907	16758767	164	0.851098030805588
PANCDC	2	15463496	17111488	206	0.832954198122025
PAMCXF	2	15410619	16423747	119	0.914030432701111
PAKXIA	2	0	90305054	10614	0.0398217011243105
PALUVT	2	15810471	16190279	78	0.699075996875763
PALNHZ	2	15966053	16923670	122	0.889563918113708
PALYPW	2	0	82873927	10168	0.0009683402313385
PASDZJ	2	15510932	16408635	110	0.542836934328079
PASGPY	2	0	90305054	10614	0.139156110584736
PASFRV	2	0	47790193	6191	0.172371879220009
PASLGS	2	0	90305054	10615	0.154579505324364
PAPUEB	2	0	90305054	10615	-0.0140185635536909
PAPZYP	2	0	18827523	2538	0.0346240382641554
PAPUNH	2	15740530	16461881	112	0.905228108167648
PARACM	2	0	90305054	10615	0.0274520646780729
PAPUAR	2	0	82940573	10177	0.0260452684015036
PASCLP	2	16050317	16441339	45	0.907938539981842
PAPZWS	2	16061636	82967359	7965	2.50878092629137e-05
PAIMDT	2	0	90305054	10614	0.084978599101305
PAIVHE	2	0	90305054	10615	0.0920384079217911
PAIPGU	2	0	54345797	7054	0.192908488214016
PANGTS	2	0	29319294	3548	-9.73582100414205e-05
PANHUA	2	0	90305054	10612	-0.0256148455664515
PAPEJW	2	15939746	16767564	104	0.817272067070007
PAPSMC	2	15767154	16465707	113	0.813932597637177
PAPNEP	2	15692089	16229550	95	0.765071332454681
PAPUTN	2	15756787	16679736	139	0.613742291927338
PAILZJ	2	0	77211408	9527	-0.0002711957495193
PAHYWC	2	15958108	16512207	65	0.67456328868866
PAINRC	2	15510932	17213154	206	0.933679908514023
PAILNI	2	0	41827529	5240	0.0130623169243336
PAITCI	2	0	90305054	10612	0.0959616489708424
PARSHT	2	12502354	16627560	472	0.910215437412262
PARRBU	2	15898510	16468505	85	0.986326515674591
PAITZV	2	0	90305054	10612	0.0880932174623013
PAKDHL	2	0	23686711	3096	0.26172861456871
PAIMDS	2	0	49199306	6379	-0.0005595643306151
PAIEIF	2	0	90305054	10612	0.0007574974442832
PAINLN	2	0	90305054	10612	0.0769187062978745
PAIBIW	2	15848926	17213154	181	1.02820873260498
PAIDSV	2	0	47517023	6159	0.154513970017433
PAIHAW	2	0	90305054	10613	0.0202014520764351
PAIFCS	2	0	90305054	10613	0.0037216052878648
PAIJGC	2	3311279	44033991	5010	0.267106205224991
PAITEG	2	0	52404240	6816	0.0077610090374946
PAICGF	2	0	86177690	10474	-0.0025109195848926
PAISSH	2	14332990	16787904	286	0.47872357070446
PAILNU	2	0	50946036	6624	0.122081059962511
PAREGK	2	0	50211294	6502	0.155141994357109
PARGDJ	2	0	90305054	10613	0.0200562588870525
PARFBW	2	0	90305054	10613	0.0861673578619957
PARGUX	2	0	90305054	10613	0.025943698361516
PARAHE	2	0	41865424	5249	0.181643098592758
PARDUJ	2	0	90305054	10612	0.004687370499596
PARMFA	2	0	80380114	10003	-0.0003336912486702
PARNCW	2	0	90305054	10611	-0.0020607814658433
PARMTT	2	0	65608444	8147	0.276776134967804
PARNEE	2	15836824	16230171	78	0.812380075454712
PARHYL	2	0	90305054	10613	0.141442030668259
PARIRD	2	15336868	17224711	223	0.84578275680542
PARIKF	2	15626944	16391884	107	0.900668680667877
PARJTB	2	15657662	16468505	118	0.787860512733459
PARVRR	2	15776922	16360123	94	0.927819311618805
PARXLM	2	0	90305054	10614	0.0077405082993209
PARVME	2	0	90305054	10613	-0.0051597002893686
PARXZR	2	0	46799579	6020	0.100760456174612
PASBEN	2	0	83642183	10215	0.0018017127877101
PASATK	2	0	90305054	10613	0.0533602349460125
PASAZJ	2	0	67052040	8349	0.182938754558563
PASCUF	2	0	90305054	10612	0.198605976998806
PASCKI	2	0	90305054	10613	0.0220408104360104
PADMYD	2	0	82053670	10126	0.0218799840658903
PAPWUC	2	0	90305054	10613	0.0412288419902325
PARABN	2	15964755	16703775	91	0.579775631427765
PAPTIP	2	15657662	16423747	108	0.73615038394928
PAPTLY	2	13287309	17218845	434	0.96351820230484
PAPTLD	2	0	79496108	9786	0.119836010038853
PAPTMM	2	15893500	16294469	67	0.653334081172943
PARRBU	2	15898510	16468505	85	0.883249461650848
PARSHT	2	12502354	16627560	472	0.902802318334579
PARSEA	2	0	84054410	10234	0.0081157987006008
PARUXY	2	0	83875211	10226	0.0602929871529341
PAPRTD	2	0	83706551	10220	0.007894170936197
PAPSKM	2	0	90305054	10615	0.0373373031616211
PAPSEI	2	15925073	16173708	48	0.803318619728088
PAPSSE	2	0	90305054	10614	1.67956327459251e-05
PAIWYH	2	0	85380734	10337	0.0192435309290886
PAKIZR	2	0	90305054	10613	0.0818352401256561
PAIXPL	2	0	83346179	10196	0.0178818879649043
PAKYMV	2	0	44392498	5567	0.290649712085724
PALETJ	2	0	90305054	10615	0.128782823681831
PARIKT	2	0	65696531	8150	0.0902217477560043
PASJYB	2	15331163	16441339	130	0.899433165788651
PAIVZR	2	14493927	16779310	270	1.03141498565674
PASKJX	2	0	90305054	10612	0.0109176407568157
PAIRLN	2	13320554	16408635	335	0.0662850588560104
PAITRM	2	0	90305054	10616	0.0029311176622286
PAISNS	2	0	90305054	10615	-0.0062664379365742
PARJAR	2	0	90305054	10615	0.0294385068118572
PAIWVG	2	0	81464068	10103	0.0180869158357382
PAIRIK	2	0	53859947	7021	0.0112968869507313
PAPHGF	2	15279346	16112821	109	0.830280601978302
PAIGRH	2	0	90305054	10617	0.030003946274519
PAHXZM	2	0	44050279	5506	0.0112664490006864
PAIEFC	2	0	17167602	2340	0.018700304441154
PALVDR	2	0	90305054	10617	0.0636408776044846
PAMXYU	2	0	90305054	10616	0.173382453620434
PALZHF	2	0	90305054	10617	0.0436491072177887
PAMZSH	2	0	90305054	10615	0.0461095459759235
PAIWZA	2	0	90305054	10616	0.0936490409076214
PAIXLY	2	16022327	17262868	148	0.954519420862198
PALGGL	2	0	90305054	10616	0.0888364464044571
PALNHR	2	14767010	17311209	303	0.417478770017624
PALJXU	2	0	90305054	10617	0.0959867835044861
PALRIA	2	0	90305054	10616	0.157415010035038
PAKHAE	2	0	90305054	10616	0.0467853788286448
PAKYRJ	2	0	90305054	10617	0.0807924941182137
PAKRGC	2	0	90305054	10615	0.218123182654381
PALEND	2	15872325	17288258	188	0.865892440080643
PAPRXW	2	15720892	16594743	129	0.692686438560486
PAPUJU	2	0	90305054	10612	0.0092344367876648
PAPZFW	2	0	35577832	4429	0.0219818167388439
PARDVT	2	0	43993424	5493	0.153522297739983
PARASL	2	0	84054410	10236	0.117107968777418
PARURB	2	4646187	90305054	9947	0.066613681614399
PATEKG	2	0	90305054	10617	0.002722538774833
PATINJ	2	0	85951970	10441	0.0036533332895487
PASZPI	2	14609040	17587887	350	0.693318575620651
PASXGP	2	0	90305054	10617	0.0344327948987484
PATDWN	2	15947530	17034743	144	0.991717100143433
PASXRJ	2	0	90305054	10617	0.0012238146737217
PATDXG	2	16034928	16465707	52	1.07631373405457
PAPTCR	2	0	90305054	10617	-0.0050522740930318
PARSBI	2	0	90305054	10617	0.0537743382155895
PARGKK	2	0	90305054	10617	-0.0188218150287867
PAIFXV	2	0	59115486	7542	0.0920581556856632
PARVLK	2	0	74122687	9144	-0.0596609078347683
PASMNT	2	0	90305054	10617	0.0103459348902106
PASMJG	2	0	82269080	10143	-0.0024258464109152
PASWFB	2	16039185	16465707	50	0.932620853185654
PASUEA	2	15666096	16900538	178	0.978609174489975
PASUTC	2	15970621	16252300	40	0.959199100732803
PASWSZ	2	0	90240473	10608	0.169490590691566
PASSFV	2	15796777	16639022	135	0.873813331127167
PASTNT	2	0	90240473	10599	0.0063168038614094
PASTVA	2	16030047	17160595	135	0.793732643127441
PAUBWP	2	0	90240473	10598	0.0141768669709563
PAUFKX	2	0	90240473	10580	-0.0029842818621546
PAUDFR	2	0	90240473	10606	3.17168933179346e-05
PAUJLH	2	15893762	16505873	84	0.785965114831924
PAUCFI	2	14878392	17395484	306	0.720214366912842
PAUFPG	2	15666096	16469742	118	0.765385836362839
PAUDIK	2	0	90240473	10609	-0.0262799467891455
PAUKAP	2	15946365	16389351	54	0.84651780128479
PAUCGP	2	0	76208314	9402	0.0352669358253479
PAUFUS	2	0	47386184	6126	0.224463097751141
PAUDMU	2	0	90240473	10605	-0.0038756856229156
PAUKLK	2	15895989	16547293	92	0.655724227428436
PAUCKF	2	15180169	16465707	164	0.767859518527985
PAUGRP	2	15807353	16796905	150	0.769977271556854
PAUELT	2	12229311	20640984	1010	0.208491742610931
PAULMT	2	0	90240473	10613	0.0416001752018929
PAUCRL	2	0	90240473	10610	-0.0061291749589145
PAUHFW	2	0	90240473	10611	0.0132864071056247
PAUEZU	2	0	90240473	10601	-0.0112774390727282
PAULNF	2	0	90240473	10614	0.0070459363050758
PAUDDS	2	0	90240473	10608	0.0036638253368437
PAUHYY	2	0	90240473	10606	-0.0012845977908
PAUFFP	2	0	90240473	10608	-0.0116091161035001
PAUMMZ	2	15676527	17278924	215	0.859422743320465
PATXYA	2	15937425	16600903	89	0.838166773319244
PAUAHC	2	15731594	16797844	155	0.919252991676331
PATYMS	2	0	90240473	10596	0.0301488162949681
PAUBEC	2	0	90240473	10602	-0.0319015569984913
PATYBZ	2	0	90240473	10599	-0.0143299084156752
PAUAIN	2	0	90240473	10597	0.0033467141911387
PATYPH	2	0	90240473	10601	0.047605961561203
PAUBFU	2	0	65638194	8138	0.0162546820938587
PATYCM	2	14123968	16376890	252	0.710051894187927
PAUAKT	2	0	90240473	10608	0.0377688091248274
PATYWM	2	15674537	16425263	108	0.861280769109726
PAUBGW	2	15912018	16658881	108	0.920624703168869
PATYDC	2	0	23763791	3118	0.232569292187691
PAUATG	2	0	90240473	10599	-0.0025988924317061
PATYWX	2	0	90240473	10583	0.0710233822464943
PAUBHV	2	0	43052120	5360	0.0360759850591421
PATYEJ	2	0	90240473	10594	-0.0028259358368814
PAUAZA	2	0	90240473	10604	0.0315926633775234
PATZBH	2	9801958	90240473	9235	0.0137809105217457
PAUBSW	2	10490710	18369959	984	0.808354705572128
PATYMK	2	0	90240473	10606	0.14152117818594
PAUBDC	2	0	90240473	10602	-0.0048471787013113
PATZRU	2	0	90240473	10606	0.156393177807331
PAUBVN	2	0	90240473	10602	0.0665763281285763
PATUVB	2	0	90240473	10602	-0.0029062314424663
PATVZB	2	16007967	16600903	72	0.745358824729919
PATVHB	2	0	38146616	4835	0.154920935630798
PATXHW	2	0	90240473	10609	0.0355493798851967
PATUWE	2	15688261	17464605	234	0.807457596063614
PATWDW	2	0	90240473	10607	0.0030357472132891
PATVJX	2	15853723	16107460	50	0.714710026979446
PATXKG	2	14739491	17486947	328	0.649749159812927
PATUWG	2	0	59990334	7624	0.110725808888674
PATWTW	2	13440849	16745874	366	0.886646240949631
PATVNW	2	0	90240473	10606	0.142748534679413
PATXUG	2	0	90240473	10612	6.09058843110688e-05
PATVDI	2	0	90240473	10604	-0.170737408101559
PATXDV	2	15623355	16420103	111	0.741169035434723
PATVSU	2	0	90240473	10600	-0.0058470512740314
PATXWS	2	15511977	17116319	204	0.850374132394791
PATVDP	2	15819827	16889186	159	0.804323792457581
PATXHC	2	0	23881547	3134	0.0221692677587271
PATVTL	2	0	16100365	2214	0.0265834359452128
PATXXF	2	15482589	16125998	87	0.498446971178055
PATVGK	2	15830177	17267384	198	0.84757399559021
PATXHT	2	0	29709010	3647	0.144597738981247
PATVWA	2	0	32953271	4042	0.00832399725914
PATXXI	2	0	90240473	10606	0.0784224830567837
PAUNTY	2	13652216	16389351	306	0.777588993310928
PAUTLP	2	15714300	16542344	119	0.910671830177307
PAURPL	2	0	90240473	10605	0.121535815298557
PARZZC	2	0	90240473	10603	0.0149645935744047
PAUNWR	2	0	90240473	10594	0.0689737871289253
PARTRP	2	0	90240473	10601	0.0143470019102097
PAURPZ	2	15871392	16441339	87	0.960904359817505
PASBMW	2	12994352	16521205	381	0.839532911777496
PAUPDY	2	0	90240473	10609	0.0230105854570866
PARUTJ	2	0	90240473	10607	0.0070933476090431
PAURZH	2	0	25811463	3244	0.171685382723808
PASEJZ	2	15419284	16718652	159	0.670406699180603
PAUPGV	2	0	90240473	10599	0.148767352104187
PAUSFW	2	16030047	16521205	55	0.813043296337128
PASFDU	2	0	90240473	10602	0.238453671336174
PAUPRN	2	0	90240473	10591	-0.0005583980237133
PARYVD	2	15960055	16125998	25	0.809417068958282
PAUSJB	2	0	35908868	4470	0.0039551306981593
PASFDM	2	15812327	16543644	108	0.81831493973732
PAURGD	2	0	90240473	10609	-0.0020214689429849
PARZZD	2	10582919	17340791	855	0.809586763381958
PAUSPJ	2	0	43671043	5450	0.120354678481817
PASLCD	2	15963369	16677453	88	0.880593240261078
PASVCK	2	0	90240473	10590	-0.008017785847187
PATEXL	2	15845506	16459594	96	0.919547110795975
PASZVK	2	0	90240473	10600	0.0321603361517191
PATIIJ	2	0	90240473	10601	0.006382695864886
PASVUB	2	0	90240473	10600	-0.0062202685512602
PATFES	2	0	90240473	10605	0.16572517156601
PASZYY	2	15727812	16852541	167	0.847231507301331
PATISU	2	14256704	16588342	271	0.73164165019989
PASWCY	2	15639301	17021645	194	0.92363977432251
PATFTN	2	0	25034888	3185	0.168485805392265
PATCDJ	2	16059280	17675392	178	0.688862174749374
PATIWH	2	4833315	35765708	3761	0.0099828317761421
PASYIP	2	15666096	20071637	552	0.823706060647964
PATGRG	2	13578610	16521205	331	0.837087631225586
PATCEM	2	15833452	16137266	64	0.508752197027206
PATWGC	2	0	29115182	3514	0.0849133692681789
PASYYM	2	15615157	16500227	122	0.690308392047882
PATHYD	2	0	85155552	10294	0.133357688784599
PATDFU	2	16012070	16456125	52	0.845433503389359
PATJHU	2	15851848	16758767	128	0.844962149858475
PASZGB	2	0	16107460	2218	0.0347564183175564
PATIHB	2	15511977	17093272	202	0.914592653512955
PATEUC	2	0	90240473	10608	-0.0081286886706948
PATJIN	2	0	84704263	10274	0.16435694694519
PARSVF	2	0	90240473	10589	0.0180572867393494
PASKKZ	2	15855486	17559934	216	0.922328501939774
PASCWD	2	15714300	16793409	154	0.842902392148972
PASPGB	2	15964436	16767564	95	0.684106171131134
PARUCL	2	0	43168447	5385	0.158863231539726
PASKSR	2	13912175	16384973	279	0.784129202365875
PASESX	2	0	90240473	10604	0.0724780037999153
PASPXU	2	0	78303337	9644	0.0215210095047951
PARVWL	2	0	77115356	9509	0.0636224746704102
PASLRM	2	0	90240473	10606	0.0017417594208382
PASFKX	2	16067231	16413938	36	0.910968720912933
PASRII	2	0	16832913	2312	-0.0026788082905113
PARXXC	2	0	47351745	6109	0.206452637910843
PASLXS	2	15232052	16363964	137	0.719907641410828
PASGEE	2	0	90240473	10597	0.0120010059326887
PASTGD	2	15872296	16797844	132	0.693789690732956
PARYSR	2	15361184	16862196	188	0.767777264118195
PASMPT	2	15300551	16481580	147	0.720198690891266
PASGKP	2	0	90240473	10588	-0.0131660373881459
PASUBM	2	14317360	16512097	255	0.854808986186981
PASAZZ	2	0	90240473	10600	0.0337452385574579
PASPDJ	2	15615157	16917060	182	0.791933119297028
PASGRL	2	0	90240473	10589	0.126756176352501
PASUMG	2	15294220	16452381	144	0.787978678941727
PATPXJ	2	0	18166354	2441	0.0757396295666695
PATSXC	2	14692348	18084029	380	0.453089445829391
PATRXC	2	16031023	16437879	45	0.920307695865631
PATTNA	2	0	90240473	10595	0.0063582649454474
PATPYK	2	15615157	16456125	118	0.899896293878555
PATTDY	2	0	90240473	10601	0.0186656024307013
PATSDR	2	15060558	16425263	173	0.951427578926086
PATTPW	2	0	77044353	9508	0.0560724306851625
PATRGW	2	16075901	16413938	36	0.969938188791275
PATTHA	2	0	85476043	10358	0.0107082696631551
PATSKE	2	0	16203861	2238	0.102129708975554
PATUEH	2	0	75965213	9369	0.172983065247536
PATRHD	2	0	49602169	6415	0.0848734378814697
PATTMM	2	14527394	16547293	239	0.922740578651428
PATSPZ	2	15063115	16401697	171	0.799914836883545
PATUNZ	2	14901287	17444478	312	0.842326641082764
PATRJG	2	0	85505853	10354	0.151115737855434
PATTPC	2	15674537	16801263	160	0.971246659755707
PATSRD	2	15046513	17354091	289	0.887823283672333
PASMET	2	15463496	16867522	180	0.801164597272873
PATRMB	2	15923187	16795609	118	0.833877921104431
PATTPL	2	15796777	16229868	91	0.941297352313995
PATSVA	2	16030047	17176214	137	0.748532056808472
PASSEC	2	2458310	85398531	10041	0.126361042261124
PATJZF	2	15807353	16581997	122	0.794443011283875
PATMRZ	2	0	90240473	10594	0.0178513797000051
PATKUK	2	14750747	16529586	209	0.903833150863647
PATNPW	2	15361184	16461507	134	0.658477991819382
PATKHS	2	0	90240473	10596	0.0502817016094923
PATMSR	2	15688261	16976932	188	0.802160173654556
PATLCM	2	0	45748935	5777	0.171550065279007
PATNRI	2	0	50442938	6536	0.0022013592533767
PATKIR	2	0	44038483	5493	0.0469456352293491
PATMXC	2	0	32865102	4035	0.106303840875626
PATLKI	2	0	43956649	5484	0.210946910083294
PATPET	2	0	90240473	10609	0.0117173986509442
PATKPD	2	15657568	16960431	188	0.984473258256912
PATNCI	2	0	33188554	4079	0.137721374630928
PATLLI	2	15922611	16425263	70	0.877778291702271
PATPFG	2	0	43671043	5441	0.111401237547398
PATKPR	2	15889222	16141980	55	0.711161911487579
PATNEA	2	0	79941433	9874	0.121545005589724
PATMFL	2	15938149	16169947	41	0.780189096927643
PATPPK	2	0	23857172	3131	0.174598902463913
PATKSX	2	0	90240473	10599	-0.0289146900177002
PATNGD	2	11081732	46278504	4305	0.0969708785414696
PATMPC	2	0	49424019	6401	0.0566656515002251
PATPPU	2	0	67491811	8405	0.301140934228897
